sale_year,sales_source,transaction_events,priced_net_units,net_sales,avg_net_sales_per_transaction
2023,Online / Event,3693,6738,981769.57,265.85
2024,Online / Event,3000,6019,1005048.14,335.02
2025,Online / Event,2776,7501,1007629.72,362.98
2023,Store A,12104,25236,2108280.86,174.18
2024,Store A,10430,19594,1729512.11,165.82
2025,Store A,9547,17583,1658816.2,173.75
2023,Store B,11099,20674,2059864.89,185.59
2024,Store B,9303,17308,1620085.47,174.15
2025,Store B,9347,17474,1706734.8,182.6
2023,Store C,4282,8582,552055.96,128.92
2024,Store C,4083,7924,448827.97,109.93
2025,Store C,3888,7865,462836.85,119.04
2023,Store D,2959,5769,551315.16,186.32
2024,Store D,2071,3801,316533.27,152.84
2025,Store D,1675,3473,252827.97,150.94