sale_year,sale_month,month_name,transaction_events,priced_net_units,net_sales,avg_net_sales_per_transaction,net_sales_yoy_pct,transactions_yoy_pct
2023,1,January,6842,10735,1343056.82,196.3,,
2023,2,February,4371,6863,778949.53,178.21,,
2023,3,March,3305,5050,593996.08,179.73,,
2023,4,April,2477,5786,435366.5,175.76,,
2023,5,May,3303,7984,535808.78,162.22,,
2023,6,June,3156,7224,542933.47,172.03,,
2023,7,July,2831,6184,370256.58,130.79,,
2023,8,August,2431,4982,347141.53,142.8,,
2023,9,September,2165,4830,352432.37,162.79,,
2023,10,October,3256,7361,953344.78,292.8,,
2024,1,January,6065,9418,1113938.45,183.67,-17.1,-11.4
2024,2,February,3920,5722,682479.62,174.1,-12.4,-10.3
2024,3,March,2490,4178,469105.95,188.4,-21,-24.7
2024,4,April,2428,4654,359046.74,147.88,-17.5,-2.0
2024,5,May,2678,6056,376617.36,140.63,-29.7,-18.9
2024,6,June,2367,5203,332586.17,140.51,-38.7,-25.0
2024,7,July,2388,5283,329393.3,137.94,-11,-15.6
2024,8,August,2072,4308,308909.78,149.09,-11,-14.8
2024,9,September,1671,3340,292526.45,175.06,-17,-22.8
2024,10,October,2808,6484,855403.14,304.63,-10.3,-13.8
2025,1,January,6384,9402,1086095.02,170.13,-2.5,5.3
2025,2,February,3136,4731,515072.2,164.24,-24.5,-20.0
2025,3,March,2677,4972,661226.62,247,41,7.5
2025,4,April,1906,3312,248009.82,130.12,-30.9,-21.5
2025,5,May,2356,6269,411818.37,174.8,9.3,-12.0
2025,6,June,2334,5836,338051.75,144.84,1.6,-1.4
2025,7,July,2125,4706,328507.49,154.59,-0.3,-11.0
2025,8,August,1839,4481,244965.37,133.21,-20.7,-11.2
2025,9,September,1610,3921,300592.08,186.7,2.8,-3.7
2025,10,October,2866,6266,954506.82,333.04,11.6,2.1