sale_year,sales_source,transaction_events,avg_sale_lines,avg_distinct_skus,avg_priced_units,median_priced_units,p75_priced_units,p90_priced_units,avg_net_sales_per_transaction,median_net_sales_per_transaction,p75_net_sales_per_transaction,p90_net_sales_per_transaction
2023,Online / Event,3693,2.34,2.1,1.82,2,2,4,265.85,164.72,386.43,709.95
2024,Online / Event,2998,2.35,2.0,1.95,2,2,4,332.16,225.99,440.69,771.18
2025,Online / Event,2771,2.34,1.91,1.81,1,2,4,356.38,217.26,451.99,819.22
2023,Store A,12103,1.99,1.71,2.08,1,2,4,173.03,65.53,174.59,463.27
2024,Store A,10429,1.9,1.65,1.87,1,2,4,164.64,67.78,158.19,418.09
2025,Store A,9547,2.28,1.98,1.84,1,2,4,173.75,67.78,161.94,411.3
2023,Store B,11097,1.85,1.61,1.85,1,2,4,185.46,67.79,181.91,474.55
2024,Store B,9301,1.83,1.58,1.85,1,2,4,174.09,65.52,169.47,446.34
2025,Store B,9346,1.87,1.57,1.86,1,2,4,182.48,62.33,169.5,451.99
2023,Store C,4281,1.98,1.7,1.99,1,2,4,128.86,56.49,133.31,316.39
2024,Store C,4083,2.07,1.8,1.94,1,2,4,109.93,56.49,135.58,282.5
2025,Store C,3888,2.05,1.78,2.02,1,2,4,119.04,56.49,146.87,362.69
2023,Store D,2959,1.87,1.61,1.95,1,2,4,186.32,74.72,174.75,459.89
2024,Store D,2071,1.98,1.74,1.84,1,2,4,152.84,66.68,160.95,402.41
2025,Store D,1675,2.27,1.91,2.07,1,2,4,150.94,68.99,172.43,402.4