sale_year,sale_month,month_name,transaction_events,positive_value_transactions,positive_discount_transactions,positive_discount_rate_pct,positive_discount_total,avg_positive_discount_per_discounted_transaction,return_events,return_event_rate_pct
2023,1,January,6842,6200,1161,18.73,86187.34,74.24,361,5.28
2023,2,February,4371,4060,1349,33.23,119159.95,88.33,225,5.15
2023,3,March,3305,3004,1083,36.05,103084.25,95.18,241,7.29
2023,4,April,2477,2334,324,13.88,21283.56,65.69,100,4.04
2023,5,May,3303,3159,544,17.22,45268.49,83.21,82,2.48
2023,6,June,3156,2974,502,16.88,49169.98,97.95,111,3.52
2023,7,July,2831,2707,543,20.06,43443.87,80.01,91,3.21
2023,8,August,2431,2328,530,22.77,61609.13,116.24,87,3.58
2023,9,September,2165,2083,476,22.85,57163.97,120.09,51,2.36
2023,10,October,3256,3078,1721,55.91,323685.89,188.08,84,2.58
2024,1,January,6065,5532,801,14.48,70857.09,88.46,290,4.78
2024,2,February,3920,3673,1050,28.59,112043.82,106.71,162,4.13
2024,3,March,2490,2190,681,31.1,132824.91,195.04,247,9.92
2024,4,April,2428,2083,396,19.01,48255.56,121.86,308,12.69
2024,5,May,2678,2528,387,15.31,34097.54,88.11,90,3.36
2024,6,June,2367,2260,400,17.7,30072.4,75.18,74,3.13
2024,7,July,2388,2297,419,18.24,49107.7,117.2,52,2.18
2024,8,August,2072,1969,472,23.97,59674.18,126.43,73,3.52
2024,9,September,1671,1576,344,21.83,43365.32,126.06,56,3.35
2024,10,October,2808,2698,1600,59.3,452764.54,282.98,54,1.92
2025,1,January,6384,5895,599,10.16,58013.36,96.85,262,4.1
2025,2,February,3136,2978,1002,33.65,125464.33,125.21,106,3.38
2025,3,March,2677,2386,842,35.29,162538.66,193.04,250,9.34
2025,4,April,1906,1594,274,17.19,19651.2,71.72,274,14.38
2025,5,May,2356,2192,416,18.98,34828.23,83.72,121,5.14
2025,6,June,2334,2215,502,22.66,47686.47,94.99,77,3.3
2025,7,July,2125,2028,440,21.7,37420.63,85.05,76,3.58
2025,8,August,1839,1735,393,22.65,36099.98,91.86,68,3.7
2025,9,September,1610,1511,374,24.75,44443.8,118.83,66,4.1
2025,10,October,2866,2774,1719,61.97,438497.63,255.09,30,1.05